{"meta": {"format": 2, "version": "7.5.1", "timestamp": "2024-05-20T12:51:54.045460", "branch_coverage": false, "show_contexts": false}, "files": {"dose_instruction_parser/di_parser/__init__.py": {"executed_lines": [1], "summary": {"covered_lines": 1, "num_statements": 1, "percent_covered": 100.0, "percent_covered_display": "100", "missing_lines": 0, "excluded_lines": 0}, "missing_lines": [], "excluded_lines": []}, "dose_instruction_parser/di_parser/di_dosage.py": {"executed_lines": [1, 2, 3, 4, 6, 8, 19, 20, 21, 22, 23, 26, 39, 40, 41, 44, 46, 48, 61, 62, 64, 83, 84, 85, 86, 89, 90, 91, 92, 93, 95, 96, 97, 99, 100, 101, 103, 104, 105, 106, 108, 127, 129, 130, 132, 134, 136, 137, 138, 139, 140, 141, 145, 146, 151, 152, 153], "summary": {"covered_lines": 57, "num_statements": 62, "percent_covered": 91.93548387096774, "percent_covered_display": "92", "missing_lines": 5, "excluded_lines": 0}, "missing_lines": [42, 142, 147, 148, 149], "excluded_lines": []}, "dose_instruction_parser/di_parser/di_duration.py": {"executed_lines": [1, 2, 4, 23, 24, 25, 26, 27, 28, 29, 30, 31, 34, 38, 39, 40, 41, 42, 43], "summary": {"covered_lines": 19, "num_statements": 23, "percent_covered": 82.6086956521739, "percent_covered_display": "83", "missing_lines": 4, "excluded_lines": 0}, "missing_lines": [32, 33, 35, 36], "excluded_lines": []}, "dose_instruction_parser/di_parser/di_frequency.py": {"executed_lines": [1, 2, 3, 4, 7, 9, 10, 11, 20, 21, 23, 28, 40, 41, 42, 44, 47, 50, 63, 64, 65, 66, 68, 69, 73, 74, 75, 76, 77, 78, 79, 80, 84, 85, 86, 87, 89, 91, 92, 93, 95, 112, 113, 114, 115, 117, 118, 119, 120, 121, 122, 123, 124, 125, 128, 130, 144, 145, 146, 147, 150, 151, 152, 155, 156, 157, 158, 159, 160, 161, 162, 163, 165, 167, 169, 190, 192, 193, 195, 196, 197, 198, 199, 200, 201, 202, 204, 225, 226, 227, 228, 229, 230, 231, 234, 235, 236, 237, 238, 239, 240, 241, 243, 244, 246, 247, 249, 250, 251, 252, 254, 276, 277, 278, 279, 280, 282, 283, 284, 285, 286, 287, 288, 289, 290, 291, 294, 295, 296, 297, 299, 300, 301, 302, 303, 304, 308, 309, 310, 311, 313, 333, 335, 336, 337, 338, 339, 340, 341, 343, 344, 345, 346, 348, 349, 350, 351, 353, 371, 373, 374, 376, 379, 380, 381, 382, 383, 384, 385, 386, 387, 388, 389, 391, 392, 393, 394, 396, 421, 422, 423, 424, 425, 426, 427, 429, 430, 431, 432, 433, 438, 439, 440, 442, 465, 467, 469, 470, 473, 475, 476, 478, 479, 480, 481, 482, 483, 484, 485, 486, 489, 493, 494, 495, 496, 497, 498], "summary": {"covered_lines": 216, "num_statements": 233, "percent_covered": 92.70386266094421, "percent_covered_display": "93", "missing_lines": 17, "excluded_lines": 0}, "missing_lines": [126, 127, 153, 154, 191, 233, 298, 305, 306, 375, 435, 436, 437, 487, 488, 490, 491], "excluded_lines": []}, "dose_instruction_parser/di_parser/di_prepare.py": {"executed_lines": [1, 2, 3, 4, 5, 6, 8, 13, 14, 16, 17, 19, 21, 37, 51, 52, 53, 55, 56, 58, 59, 60, 61, 63, 76, 77, 78, 80, 93, 94, 95, 98, 99, 101, 114, 115, 117, 130, 131, 132, 133, 134, 135, 136, 137, 138, 140, 152, 153, 154, 155, 156, 157, 158, 159, 160, 162, 163, 165, 178, 179, 181, 182, 183, 184, 186, 187, 188, 189, 191, 192, 193, 194, 195, 197, 198, 199, 201, 203, 204, 205], "summary": {"covered_lines": 81, "num_statements": 82, "percent_covered": 98.78048780487805, "percent_covered_display": "99", "missing_lines": 1, "excluded_lines": 0}, "missing_lines": [35], "excluded_lines": []}, "dose_instruction_parser/di_parser/parser.py": {"executed_lines": [1, 2, 3, 4, 5, 7, 8, 9, 10, 12, 13, 14, 48, 49, 50, 51, 52, 53, 54, 55, 56, 57, 58, 59, 60, 62, 72, 81, 101, 118, 132, 133, 136, 138, 139, 145, 176, 179, 216, 274, 314, 333, 334, 350, 352, 354, 356, 358], "summary": {"covered_lines": 27, "num_statements": 149, "percent_covered": 18.120805369127517, "percent_covered_display": "18", "missing_lines": 122, "excluded_lines": 58}, "missing_lines": [69, 70, 76, 77, 78, 79, 87, 88, 89, 90, 91, 92, 93, 94, 95, 134, 150, 151, 152, 153, 154, 156, 157, 158, 159, 161, 162, 163, 164, 165, 166, 167, 168, 169, 170, 172, 173, 228, 229, 230, 231, 232, 233, 234, 235, 236, 237, 238, 240, 242, 243, 245, 246, 248, 249, 250, 251, 252, 253, 255, 256, 257, 258, 259, 262, 263, 264, 265, 266, 267, 268, 270, 271, 272, 279, 281, 282, 283, 284, 285, 286, 287, 288, 289, 290, 291, 292, 293, 294, 295, 296, 297, 298, 299, 300, 301, 302, 303, 304, 305, 306, 307, 308, 309, 311, 312, 321, 322, 323, 325, 330, 351, 353, 355, 357, 359, 360, 361, 363, 364, 365, 366], "excluded_lines": [13, 14, 48, 49, 50, 51, 52, 53, 54, 55, 56, 57, 58, 59, 60, 101, 102, 106, 107, 110, 111, 112, 114, 115, 116, 118, 119, 122, 124, 126, 127, 129, 130, 139, 140, 143, 176, 179, 180, 195, 196, 197, 198, 199, 200, 201, 202, 203, 204, 205, 206, 207, 208, 209, 210, 211, 213, 214]}, "dose_instruction_parser/di_parser/tests/__init__.py": {"executed_lines": [0], "summary": {"covered_lines": 0, "num_statements": 0, "percent_covered": 100.0, "percent_covered_display": "100", "missing_lines": 0, "excluded_lines": 0}, "missing_lines": [], "excluded_lines": []}, "dose_instruction_parser/di_parser/tests/conftest.py": {"executed_lines": [1, 2, 4, 6, 11], "summary": {"covered_lines": 5, "num_statements": 5, "percent_covered": 100.0, "percent_covered_display": "100", "missing_lines": 0, "excluded_lines": 0}, "missing_lines": [], "excluded_lines": []}, "dose_instruction_parser/di_parser/tests/test_dosage.py": {"executed_lines": [1, 2, 3, 5, 10, 11, 14, 20, 21, 24, 30, 31, 35, 42, 43, 46, 54, 55], "summary": {"covered_lines": 18, "num_statements": 18, "percent_covered": 100.0, "percent_covered_display": "100", "missing_lines": 0, "excluded_lines": 0}, "missing_lines": [], "excluded_lines": []}, "dose_instruction_parser/di_parser/tests/test_duration.py": {"executed_lines": [1, 2, 4, 11, 12], "summary": {"covered_lines": 5, "num_statements": 5, "percent_covered": 100.0, "percent_covered_display": "100", "missing_lines": 0, "excluded_lines": 0}, "missing_lines": [], "excluded_lines": []}, "dose_instruction_parser/di_parser/tests/test_frequency.py": {"executed_lines": [1, 2, 3, 5, 11, 12, 15, 28, 29, 32, 40, 41, 45, 52, 53, 56, 64, 65, 68, 74, 75, 78, 85, 86, 90, 95, 96, 99, 109, 110, 113, 119, 120], "summary": {"covered_lines": 33, "num_statements": 33, "percent_covered": 100.0, "percent_covered_display": "100", "missing_lines": 0, "excluded_lines": 0}, "missing_lines": [], "excluded_lines": []}, "dose_instruction_parser/di_parser/tests/test_prepare.py": {"executed_lines": [1, 2, 4, 8, 9, 12, 16, 17, 20, 25, 26, 29, 33, 34, 37, 42, 43, 46, 52, 53, 56, 62, 63], "summary": {"covered_lines": 23, "num_statements": 23, "percent_covered": 100.0, "percent_covered_display": "100", "missing_lines": 0, "excluded_lines": 0}, "missing_lines": [], "excluded_lines": []}}, "totals": {"covered_lines": 485, "num_statements": 634, "percent_covered": 76.49842271293376, "percent_covered_display": "76", "missing_lines": 149, "excluded_lines": 58}}