{"meta": {"format": 2, "version": "7.5.1", "timestamp": "2024-05-15T14:00:19.946892", "branch_coverage": false, "show_contexts": false}, "files": {"dose_instruction_parser/di_parser/__init__.py": {"executed_lines": [1], "summary": {"covered_lines": 1, "num_statements": 1, "percent_covered": 100.0, "percent_covered_display": "100", "missing_lines": 0, "excluded_lines": 0}, "missing_lines": [], "excluded_lines": []}, "dose_instruction_parser/di_parser/__main__.py": {"executed_lines": [], "summary": {"covered_lines": 0, "num_statements": 105, "percent_covered": 0.0, "percent_covered_display": "0", "missing_lines": 105, "excluded_lines": 0}, "missing_lines": [1, 2, 3, 4, 5, 6, 8, 11, 14, 15, 17, 18, 22, 23, 24, 25, 26, 27, 28, 32, 34, 38, 39, 44, 45, 46, 49, 50, 51, 52, 54, 55, 56, 57, 58, 59, 61, 62, 63, 64, 65, 66, 67, 68, 69, 70, 71, 72, 74, 77, 78, 80, 81, 96, 97, 98, 99, 103, 105, 109, 112, 114, 116, 117, 118, 120, 121, 122, 123, 124, 126, 128, 129, 132, 133, 135, 136, 138, 140, 141, 143, 145, 146, 148, 149, 150, 151, 152, 154, 156, 157, 158, 159, 161, 166, 167, 168, 169, 171, 172, 173, 175, 176, 178, 179], "excluded_lines": []}, "dose_instruction_parser/di_parser/data/__init__.py": {"executed_lines": [], "summary": {"covered_lines": 0, "num_statements": 0, "percent_covered": 100.0, "percent_covered_display": "100", "missing_lines": 0, "excluded_lines": 0}, "missing_lines": [], "excluded_lines": []}, "dose_instruction_parser/di_parser/di_dosage.py": {"executed_lines": [1, 2, 3, 4, 6, 8, 19, 20, 22, 23, 26, 39, 40, 41, 44, 46, 48, 61, 62, 64, 83, 84, 85, 89, 90, 91, 92, 93, 95, 100, 101, 103, 104, 105, 106, 108, 127, 129, 130, 132, 134, 153], "summary": {"covered_lines": 42, "num_statements": 62, "percent_covered": 67.74193548387096, "percent_covered_display": "68", "missing_lines": 20, "excluded_lines": 0}, "missing_lines": [21, 42, 86, 96, 97, 99, 136, 137, 138, 139, 140, 141, 142, 145, 146, 147, 148, 149, 151, 152], "excluded_lines": []}, "dose_instruction_parser/di_parser/di_duration.py": {"executed_lines": [1, 2, 4, 23, 24, 25, 26, 27, 28, 29, 42, 45], "summary": {"covered_lines": 12, "num_statements": 23, "percent_covered": 52.17391304347826, "percent_covered_display": "52", "missing_lines": 11, "excluded_lines": 0}, "missing_lines": [30, 31, 32, 33, 34, 35, 36, 38, 39, 43, 44], "excluded_lines": []}, "dose_instruction_parser/di_parser/di_frequency.py": {"executed_lines": [1, 2, 3, 4, 7, 9, 10, 11, 20, 21, 23, 28, 40, 41, 42, 44, 47, 50, 63, 64, 65, 66, 68, 69, 73, 74, 75, 76, 77, 78, 79, 80, 84, 85, 86, 89, 91, 92, 93, 95, 112, 113, 114, 115, 117, 118, 120, 121, 122, 124, 125, 128, 130, 144, 145, 146, 147, 150, 151, 152, 155, 156, 157, 158, 159, 160, 161, 162, 163, 165, 167, 169, 190, 192, 193, 195, 197, 198, 199, 200, 201, 202, 204, 225, 226, 227, 228, 229, 230, 231, 234, 235, 236, 237, 246, 247, 249, 250, 251, 252, 254, 276, 277, 278, 279, 281, 282, 283, 284, 285, 294, 308, 309, 310, 311, 313, 333, 335, 336, 337, 338, 339, 340, 341, 343, 344, 345, 346, 348, 349, 350, 351, 353, 371, 373, 374, 376, 379, 380, 381, 382, 383, 384, 386, 387, 388, 389, 391, 416, 417, 419, 420, 421, 422, 424, 425, 426, 427, 428, 433, 434, 435, 437, 460, 462, 464, 465, 468, 470, 471, 473, 474, 475, 476, 477, 478, 479, 490, 493], "summary": {"covered_lines": 178, "num_statements": 229, "percent_covered": 77.7292576419214, "percent_covered_display": "78", "missing_lines": 51, "excluded_lines": 0}, "missing_lines": [87, 119, 123, 126, 127, 153, 154, 191, 196, 233, 238, 239, 240, 241, 243, 244, 280, 286, 287, 288, 289, 290, 291, 295, 296, 297, 298, 299, 300, 301, 302, 303, 304, 305, 306, 375, 418, 430, 431, 432, 480, 481, 482, 483, 484, 485, 486, 488, 489, 491, 492], "excluded_lines": []}, "dose_instruction_parser/di_parser/di_prepare.py": {"executed_lines": [1, 2, 3, 4, 5, 6, 8, 13, 14, 16, 17, 19, 21, 37, 51, 52, 53, 55, 56, 58, 59, 60, 61, 63, 76, 77, 78, 80, 93, 94, 95, 98, 99, 101, 114, 115, 117, 130, 131, 132, 133, 134, 135, 136, 137, 138, 140, 152, 153, 154, 155, 156, 157, 158, 159, 160, 162, 163, 165, 178, 179, 181, 182, 183, 184, 186, 187, 188, 189, 191, 192, 193, 194, 195, 197, 198, 199, 201, 203, 204, 205], "summary": {"covered_lines": 81, "num_statements": 82, "percent_covered": 98.78048780487805, "percent_covered_display": "99", "missing_lines": 1, "excluded_lines": 0}, "missing_lines": [35], "excluded_lines": []}, "dose_instruction_parser/di_parser/parser.py": {"executed_lines": [1, 2, 3, 4, 5, 7, 8, 9, 10, 12, 13, 14, 48, 49, 50, 51, 52, 53, 54, 55, 56, 57, 58, 59, 60, 62, 72, 81, 101, 118, 132, 133, 136, 138, 139, 145, 176, 179, 216, 274, 314, 333, 334, 350, 352, 354, 356, 358], "summary": {"covered_lines": 46, "num_statements": 198, "percent_covered": 23.232323232323232, "percent_covered_display": "23", "missing_lines": 152, "excluded_lines": 0}, "missing_lines": [69, 70, 76, 77, 78, 79, 87, 88, 89, 90, 91, 92, 93, 94, 95, 106, 107, 110, 111, 112, 114, 115, 116, 122, 124, 126, 127, 129, 130, 134, 143, 150, 151, 152, 153, 154, 156, 157, 158, 159, 161, 162, 163, 164, 165, 166, 167, 168, 169, 170, 172, 173, 195, 196, 197, 198, 199, 200, 201, 202, 204, 205, 206, 207, 209, 211, 214, 228, 229, 230, 231, 232, 233, 234, 235, 236, 237, 238, 240, 242, 243, 245, 246, 248, 249, 250, 251, 252, 253, 255, 256, 257, 258, 259, 262, 263, 264, 265, 266, 267, 268, 270, 271, 272, 279, 281, 282, 283, 284, 285, 286, 287, 288, 289, 290, 291, 292, 293, 294, 295, 296, 297, 298, 299, 300, 301, 302, 303, 304, 305, 306, 307, 308, 309, 311, 312, 321, 322, 323, 325, 330, 351, 353, 355, 357, 359, 360, 361, 363, 364, 365, 366], "excluded_lines": []}, "dose_instruction_parser/di_parser/tests/__init__.py": {"executed_lines": [0], "summary": {"covered_lines": 0, "num_statements": 0, "percent_covered": 100.0, "percent_covered_display": "100", "missing_lines": 0, "excluded_lines": 0}, "missing_lines": [], "excluded_lines": []}, "dose_instruction_parser/di_parser/tests/conftest.py": {"executed_lines": [1, 2, 4, 6, 11], "summary": {"covered_lines": 5, "num_statements": 5, "percent_covered": 100.0, "percent_covered_display": "100", "missing_lines": 0, "excluded_lines": 0}, "missing_lines": [], "excluded_lines": []}, "dose_instruction_parser/di_parser/tests/test_dosage.py": {"executed_lines": [1, 2, 3, 6, 12, 13, 16, 23, 24, 28, 33, 34, 37, 43, 44], "summary": {"covered_lines": 15, "num_statements": 15, "percent_covered": 100.0, "percent_covered_display": "100", "missing_lines": 0, "excluded_lines": 0}, "missing_lines": [], "excluded_lines": []}, "dose_instruction_parser/di_parser/tests/test_duration.py": {"executed_lines": [1, 2, 4, 9, 10], "summary": {"covered_lines": 5, "num_statements": 5, "percent_covered": 100.0, "percent_covered_display": "100", "missing_lines": 0, "excluded_lines": 0}, "missing_lines": [], "excluded_lines": []}, "dose_instruction_parser/di_parser/tests/test_frequency.py": {"executed_lines": [1, 2, 3, 5, 11, 12, 15, 27, 28, 34, 40, 41, 48, 55, 56, 61, 68, 69, 74, 78, 79, 82, 87, 88, 92, 96, 97, 100, 107, 108, 111, 117, 118], "summary": {"covered_lines": 33, "num_statements": 33, "percent_covered": 100.0, "percent_covered_display": "100", "missing_lines": 0, "excluded_lines": 0}, "missing_lines": [], "excluded_lines": []}, "dose_instruction_parser/di_parser/tests/test_parser.py": {"executed_lines": [], "summary": {"covered_lines": 0, "num_statements": 34, "percent_covered": 0.0, "percent_covered_display": "0", "missing_lines": 34, "excluded_lines": 0}, "missing_lines": [1, 2, 4, 5, 11, 12, 14, 15, 16, 17, 19, 22, 23, 24, 25, 28, 34, 35, 39, 40, 43, 61, 62, 65, 66, 67, 69, 71, 72, 75, 76, 78, 79, 85], "excluded_lines": []}, "dose_instruction_parser/di_parser/tests/test_prepare.py": {"executed_lines": [1, 2, 4, 8, 9, 12, 16, 17, 20, 25, 26, 29, 33, 34, 37, 42, 43, 46, 52, 53, 56, 62, 63], "summary": {"covered_lines": 23, "num_statements": 23, "percent_covered": 100.0, "percent_covered_display": "100", "missing_lines": 0, "excluded_lines": 0}, "missing_lines": [],