{"meta": {"format": 2, "version": "7.5.4", "timestamp": "2024-06-27T08:24:57.402886", "branch_coverage": true, "show_contexts": false}, "files": {"dose_instruction_parser/dose_instruction_parser/di_dosage.py": {"executed_lines": [1, 2, 3, 4, 6, 8, 19, 20, 21, 22, 23, 26, 39, 40, 41, 44, 46, 48, 61, 62, 64, 83, 84, 85, 86, 89, 90, 91, 92, 93, 95, 96, 97, 99, 100, 101, 103, 104, 105, 106, 108, 127, 129, 130, 132, 134, 136, 137, 138, 139, 140, 141, 145, 146, 151, 152, 153], "summary": {"covered_lines": 57, "num_statements": 62, "percent_covered": 91.11111111111111, "percent_covered_display": "91.11", "missing_lines": 5, "excluded_lines": 0, "num_branches": 28, "num_partial_branches": 3, "covered_branches": 25, "missing_branches": 3}, "missing_lines": [42, 142, 147, 148, 149], "excluded_lines": [], "executed_branches": [[40, -26], [40, 41], [41, 44], [83, -83], [83, 83], [83, 84], [84, 85], [84, 103], [85, 86], [85, 89], [91, 92], [91, 106], [93, 95], [93, 96], [95, -95], [95, 95], [95, 100], [96, 97], [96, 99], [130, 132], [130, 134], [134, 136], [134, 153], [136, 137], [136, 145], [141, 153], [146, 151]], "missing_branches": [[41, 42], [141, 142], [146, 147]]}, "dose_instruction_parser/dose_instruction_parser/di_duration.py": {"executed_lines": [1, 2, 4, 23, 24, 25, 26, 27, 28, 29, 30, 31, 34, 38, 39, 40, 41, 42, 43], "summary": {"covered_lines": 19, "num_statements": 23, "percent_covered": 81.81818181818181, "percent_covered_display": "81.82", "missing_lines": 4, "excluded_lines": 0, "num_branches": 10, "num_partial_branches": 2, "covered_branches": 8, "missing_branches": 2}, "missing_lines": [32, 33, 35, 36], "excluded_lines": [], "executed_branches": [[25, 26], [25, 29], [29, 30], [29, 40], [31, 34], [34, 38], [40, 41], [40, 43]], "missing_branches": [[31, 32], [34, 35]]}, "dose_instruction_parser/dose_instruction_parser/di_frequency.py": {"executed_lines": [1, 2, 3, 4, 7, 9, 10, 11, 20, 21, 23, 28, 40, 41, 42, 44, 47, 50, 63, 64, 65, 66, 68, 69, 73, 74, 75, 76, 77, 78, 79, 80, 84, 85, 86, 87, 89, 91, 92, 93, 95, 112, 113, 114, 115, 117, 118, 119, 120, 121, 122, 123, 124, 125, 128, 130, 144, 145, 146, 147, 150, 151, 152, 155, 156, 157, 158, 159, 160, 161, 162, 163, 165, 167, 169, 190, 192, 193, 195, 196, 197, 198, 199, 200, 201, 202, 204, 225, 226, 227, 228, 229, 230, 231, 234, 235, 236, 237, 238, 239, 240, 241, 243, 244, 246, 247, 249, 250, 251, 252, 254, 276, 277, 278, 279, 280, 282, 283, 284, 285, 286, 287, 288, 289, 290, 291, 294, 295, 296, 297, 299, 300, 301, 302, 303, 304, 308, 309, 310, 311, 313, 333, 335, 336, 337, 338, 339, 340, 341, 343, 344, 345, 346, 348, 349, 350, 351, 353, 371, 373, 374, 376, 379, 380, 381, 382, 383, 384, 385, 386, 387, 388, 389, 391, 392, 393, 394, 396, 421, 422, 423, 424, 425, 426, 427, 429, 430, 431, 432, 433, 438, 439, 440, 442, 465, 467, 469, 470, 473, 475, 476, 478, 479, 480, 481, 482, 483, 484, 485, 486, 489, 493, 494, 495, 496, 497, 498], "summary": {"covered_lines": 216, "num_statements": 233, "percent_covered": 92.74611398963731, "percent_covered_display": "92.75", "missing_lines": 17, "excluded_lines": 0, "num_branches": 153, "num_partial_branches": 11, "covered_branches": 142, "missing_branches": 11}, "missing_lines": [126, 127, 153, 154, 191, 233, 298, 305, 306, 375, 435, 436, 437, 487, 488, 490, 491], "excluded_lines": [], "executed_branches": [[9, 10], [9, 11], [40, -28], [40, 41], [41, 40], [41, 42], [64, 65], [64, 66], [66, -66], [66, 66], [66, 68], [66, 69], [69, -69], [69, 69], [69, 73], [69, 74], [74, 75], [74, 76], [76, -76], [76, 76], [76, 77], [76, 78], [78, -78], [78, 78], [78, 79], [78, 80], [80, -80], [80, 80], [80, 84], [80, 85], [86, 87], [86, 89], [91, 92], [91, 93], [112, -112], [112, 112], [112, 113], [112, 114], [114, -114], [114, 114], [114, 115], [114, 128], [117, 118], [117, 120], [118, 117], [118, 119], [120, 121], [120, 122], [122, 123], [122, 124], [144, 145], [146, -146], [146, 146], [146, 147], [146, 155], [147, -147], [147, 147], [147, 150], [151, 152], [151, 155], [155, 156], [155, 158], [156, 155], [156, 157], [159, 160], [159, 161], [161, -161], [161, 161], [161, 162], [161, 163], [163, -163], [163, 163], [163, 165], [163, 167], [190, 192], [192, 193], [192, 195], [195, 196], [195, 197], [197, 198], [197, 200], [200, 201], [225, -225], [225, 225], [225, 226], [225, 236], [227, 228], [227, 234], [228, 229], [234, 235], [236, -236], [236, 236], [236, 237], [236, 249], [237, 238], [237, 246], [239, 240], [239, 243], [276, -276], [276, 276], [276, 277], [276, 308], [278, -278], [278, 278], [278, 279], [294, 295], [294, 311], [295, -295], [295, 295], [295, 296], [296, 297], [297, 299], [333, -333], [333, 333], [333, 335], [333, 348], [337, -337], [337, 337], [337, 338], [338, -338], [338, 338], [338, 339], [338, 343], [343, -343], [343, 343], [343, 344], [373, 374], [373, 376], [374, 373], [376, -376], [376, 376], [376, 379], [381, 382], [381, 383], [383, 384], [383, 385], [385, 386], [385, 391], [386, -386], [386, 386], [386, 387], [386, 391], [391, 392], [391, 394], [422, 423], [422, 424], [427, -427], [427, 427], [427, 429], [431, 432], [431, 438], [432, 433], [465, 467], [465, 475], [475, -475], [475, 475], [475, 476], [475, 478], [480, 481], [480, 484], [484, 485], [484, 495], [486, 489], [489, 493], [495, 496], [495, 498]], "missing_branches": [[144, -130], [190, 191], [200, -169], [228, 233], [234, 252], [296, 311], [297, 298], [374, 375], [432, 435], [486, 487], [489, 490]]}, "dose_instruction_parser/dose_instruction_parser/di_prepare.py": {"executed_lines": [1, 2, 3, 4, 5, 6, 8, 13, 14, 16, 17, 19, 21, 37, 51, 52, 53, 55, 56, 58, 59, 60, 61, 63, 76, 77, 78, 80, 93, 94, 95, 98, 99, 101, 114, 115, 117, 130, 131, 132, 133, 134, 135, 136, 137, 138, 140, 152, 153, 154, 155, 156, 157, 158, 159, 160, 162, 163, 165, 178, 179, 181, 182, 183, 184, 186, 187, 188, 189, 191, 192, 193, 194, 195, 197, 198, 199, 201, 203, 204, 205], "summary": {"covered_lines": 81, "num_statements": 82, "percent_covered": 99.0, "percent_covered_display": "99.00", "missing_lines": 1, "excluded_lines": 0, "num_branches": 18, "num_partial_branches": 0, "covered_branches": 18, "missing_branches": 0}, "missing_lines": [35], "excluded_lines": [], "executed_branches": [[53, 55], [53, 60], [55, 56], [55, 58], [132, 133], [132, 138], [156, 157], [156, 158], [158, 159], [158, 162], [186, 187], [186, 191], [188, 186], [188, 189], [191, 192], [191, 195], [192, 193], [192, 194]], "missing_branches": []}, "dose_instruction_parser/dose_instruction_parser/tests/conftest.py": {"executed_lines": [1, 2, 4, 6, 11], "summary": {"covered_lines": 5, "num_statements": 5, "percent_covered": 100.0, "percent_covered_display": "100.00", "missing_lines": 0, "excluded_lines": 0, "num_branches": 0, "num_partial_branches": 0, "covered_branches": 0, "missing_branches": 0}, "missing_lines": [], "excluded_lines": [], "executed_branches": [], "missing_branches": []}, "dose_instruction_parser/dose_instruction_parser/tests/test_dosage.py": {"executed_lines": [1, 2, 3, 5, 10, 11, 14, 20, 21, 24, 30, 31, 35, 42, 43, 46, 54, 55], "summary": {"covered_lines": 18, "num_statements": 18, "percent_covered": 100.0, "percent_covered_display": "100.00", "missing_lines": 0, "excluded_lines": 0, "num_branches": 10, "num_partial_branches": 0, "covered_branches": 10, "missing_branches": 0}, "missing_lines": [], "excluded_lines": [], "executed_branches": [[10, 5], [10, 14], [20, 14], [20, 24], [30, 24], [30, 35], [42, 35], [42, 46], [54, -1], [54, 46]], "missing_branches": []}, "dose_instruction_parser/dose_instruction_parser/tests/test_duration.py": {"executed_lines": [1, 2, 4, 11, 12], "summary": {"covered_lines": 5, "num_statements": 5, "percent_covered": 100.0, "percent_covered_display": "100.00", "missing_lines": 0, "excluded_lines": 0, "num_branches": 2, "num_partial_branches": 0, "covered_branches": 2, "missing_branches": 0}, "missing_lines": [], "excluded_lines": [], "executed_branches": [[11, -1], [11, 4]], "missing_branches": []},